duration,bytes_in,bytes_out,packets,protocol,label
0.4692680899768591,1983,1883,41,0,0
3.010121430917521,667,695,19,1,0
1.3167456935454493,626,308,12,1,0
0.9129425537759532,1688,409,9,0,1
0.16962487046234628,1483,675,7,0,1
0.16959629191460518,1485,1169,28,1,1
0.059838768608680676,143,1733,14,1,1
2.0112308644799395,1915,1722,31,1,0
0.9190821536272645,293,696,19,1,0
1.2312500617045903,1290,159,47,0,0
0.020799307999138622,1175,870,16,1,1
3.503557475158312,549,1850,5,0,0
1.786429543354675,1536,1667,35,1,1
0.238687625248947,138,1121,12,1,1
0.20067898874966336,192,1409,25,1,0
0.20261142283225705,1924,780,21,1,0
0.3627537294604771,953,1537,36,1,0
0.7439278308608545,1959,156,23,0,1
0.5655370667803367,917,1893,16,0,0
0.3442229925539415,377,830,39,1,1
0.9463708738997987,1769,1190,45,1,0
0.15023452872733867,861,1456,42,0,1
0.34551551200240227,1226,1971,39,1,1
0.45627721822084705,1783,1052,14,1,0
0.608934687859775,996,1704,31,0,1
1.537936011030912,1744,1121,5,1,1
0.2227358621286903,200,673,35,1,0
0.7220291550331277,1643,552,23,0,1
0.8975047213097606,840,1814,29,0,0
0.047563849756408545,437,841,43,0,1
0.9353330206496101,1340,1159,11,1,0
0.18696125197741642,855,1701,18,0,0
0.06726393087930424,1979,1181,47,0,1
2.973687793506931,1567,599,12,0,1
3.3706303424611725,1959,1664,9,0,1
1.6523315728128767,1455,527,10,0,1
0.3632878599687583,1198,1300,44,0,1
0.10277731500250624,1258,1948,17,1,0
1.1527507630986618,440,936,38,1,1
0.5800908425853983,679,1335,7,0,0
0.13015223395444864,1096,1252,46,0,0
0.6835472281341501,727,743,13,0,1
0.034993721443479085,499,1510,40,1,0
2.400422887393024,994,620,42,1,0
0.2994577768406861,1946,829,9,1,0
1.0862557985649803,509,900,27,1,0
0.37354658165762367,1438,286,2,1,1
0.7341108959092286,1085,1139,5,1,0
0.7912237979817975,789,193,29,1,1
0.20438859950790575,1733,1719,37,1,1
3.4928071327362264,77,1498,38,1,0
1.4922453771381408,269,1036,19,0,1
2.8050944192915823,1428,1149,8,0,1
2.2521519975341966,602,736,48,0,1
0.911054412383275,477,1348,45,0,0
2.549435379269405,1839,1283,1,1,1
0.09265545895311562,1346,1132,22,1,1
0.21813469463126745,66,1110,17,0,1
0.046281965686831954,265,1048,7,1,0
0.3935320868030868,1340,133,25,0,1
0.4921302917942186,837,1813,45,1,0
0.3165604432088257,1672,997,4,0,0
1.764557865240934,323,1051,36,1,0
0.44122699952987016,918,492,6,1,0
0.3298028401342492,999,1267,31,0,0
0.782407083207746,1544,951,19,1,0
0.15189814782062885,492,257,44,0,1
1.6204835957747312,1059,513,39,0,0
0.07747586881130901,1892,471,27,0,1
4.33414633958732,855,380,10,0,1
1.4794837762415114,698,590,26,1,0
0.22153944050588595,1579,1675,19,1,1
0.005537420375935475,586,1352,39,1,1
1.689896777486126,1255,1317,3,0,1
1.2270959073870447,1112,1797,45,1,1
1.305662908787999,1575,396,13,0,0
1.4752145260435134,56,62,28,1,1
0.07692926551379635,1235,1825,20,1,0
0.4438926724162325,1283,561,28,1,1
0.12315010460444965,197,1821,8,0,1
1.9885295716582227,516,1900,41,1,0
0.9763011917123741,1109,1163,39,1,1
0.401818801251301,1436,841,1,0,1
0.06566806580478289,557,1243,3,1,1
0.3724883504103537,138,1286,13,0,0
0.39331421318413134,1955,1969,28,1,1
1.3078757839577408,1808,801,49,0,0
1.01488935892602,1100,1722,25,0,1
2.1822519124015147,319,481,33,1,0
0.6390661333763098,1412,1671,38,0,0
0.1273723936155019,536,808,6,0,1
1.2491263443165994,341,1055,44,0,1
1.430392753076864,220,1388,45,0,0
0.8238874948858288,646,555,32,0,0
1.4738899667213645,1162,1079,45,0,1
0.6808147315102779,739,831,47,1,0
0.739678838777267,1032,375,21,0,1
0.5578141939084273,1179,1822,16,0,1
0.02574777399011373,230,297,21,1,1
0.11416743519186584,292,536,11,1,1
0.03193368129305382,1020,935,37,1,0
1.0117295509275495,967,199,36,1,1
0.37739670879509984,1224,1538,35,1,0
0.7104371771341901,1319,891,19,1,1
2.3812655298459755,1386,1727,20,1,0
0.28673882298329834,167,1971,18,0,1
0.5282819748826726,57,729,47,0,0
1.4087491475385834,1856,1738,41,1,0
0.25980515691739403,1798,419,49,0,1
0.08010427855017636,605,1608,14,0,1
0.3421403038870571,609,1992,15,0,1
0.17580835850006285,1386,996,31,1,1
2.6549500858806248,1935,730,1,1,0
1.6508870804845694,725,1490,3,0,1
1.003494190520531,1855,1676,16,1,0
2.051519730520813,665,1331,23,0,0
1.6279689407405564,1351,1898,11,0,1
0.20649547635863907,893,1640,12,0,0
2.230813405235561,1726,1480,10,0,0
0.775099901966172,1001,1231,32,1,0
1.6473482913035662,1702,1905,16,1,0
2.2642426492862313,194,1106,8,1,1
0.38273071641831846,529,1619,38,0,1
0.11659216012385083,1449,324,12,1,1
0.25868674613938136,824,436,24,0,1
0.5570576927486144,1167,51,28,1,0
1.703829726638945,1992,1670,8,0,0
1.9713449718798333,1456,1365,28,0,1
0.006976409181650647,1874,1961,36,0,1
0.7148761593385558,285,1316,26,1,1
0.5402733209186713,1239,538,8,1,0
0.2511673382758245,1102,793,28,1,1
0.1276803915456468,1540,74,28,1,1
0.41190857986243246,1745,766,37,0,1
2.8631211226911497,798,888,41,1,0
0.3903838028814744,577,129,36,1,0
0.7314528057601519,1930,815,27,0,0
1.2140869768808549,1881,644,17,0,0
0.45197449896696235,960,1985,9,0,0
3.5677981382916997,447,1009,33,1,0
3.282009864541398,564,1665,20,0,0
0.2900612949922053,867,1061,13,0,0
0.6876592784638472,1569,457,28,0,1
0.3579304600790468,942,154,48,1,1
0.3352496763810817,1888,656,29,0,0
0.03758447776552253,75,1966,13,1,0
0.9404920709825931,724,1259,46,1,1
0.6985196328296385,59,865,35,0,0
0.05285108738039248,360,1564,6,0,0
0.32662592101036936,1839,1689,18,1,0
2.3888609510893404,551,1556,5,0,1
0.27386055214207705,439,1138,47,0,1
0.15653086098546976,693,452,25,1,1
0.6722721094736362,1011,1439,2,1,1
4.24403698261526,1946,1483,10,0,1
0.2771448135597262,510,768,30,1,0
1.1151550102972934,1206,1340,45,0,1
1.4338876262394629,1155,1060,5,0,0
0.2713331723358058,1417,800,33,0,0
1.3027489284923162,873,715,1,1,1
0.458522799264304,1863,1457,18,0,1
1.0005037477317713,766,1932,32,0,0
1.0038378271376383,893,496,47,0,0
0.7673852499523488,90,959,49,1,0
0.09462915881162096,1728,231,11,1,1
1.803644794246297,1761,778,21,1,1
0.3868102936673966,614,1752,26,1,1
0.20643210660755654,1253,1162,25,1,1
0.0416297597943452,1188,1611,22,0,1
0.8937784045945835,189,1017,27,1,0
1.1318517342673489,353,1048,49,1,1
0.01672694755847062,609,135,13,1,0
0.7176305845494884,1405,1727,33,0,0
0.25682414705495765,344,702,34,1,0
1.036124341547692,1755,1253,41,1,1
0.19160422253913376,721,1799,35,0,1
1.174212527567719,877,76,1,1,1
0.4889587009811018,1846,1843,21,0,0
2.760343817804307,1117,1432,48,0,0
0.14794441343927894,1042,1758,6,0,0
0.41713243399517175,483,1588,28,0,0
0.12044428503699642,652,318,17,0,0
2.5861903971507236,1032,256,5,1,0
2.098333707160994,303,906,31,0,1
0.2983273700614889,1116,912,5,0,1
1.0787627390439145,1635,1861,38,1,1
1.6994840726392213,1043,1336,3,0,1
0.8101323606865081,1683,1944,23,1,0
0.7542794101939461,44,101,37,1,0
0.27687704543790315,1166,635,37,1,1
0.09772614047494073,1259,1943,10,0,0
2.275123225194523,813,768,10,0,1
2.3067744276484268,916,1405,19,0,1
1.0026699194828848,1031,436,17,1,1
0.4140465098113239,923,738,21,0,0
0.42956761581164393,1413,1082,14,0,1
1.294465429727118,86,216,9,0,1
2.2740973491072523,906,1675,46,1,1
2.1811325693966133,862,435,1,1,0
1.5135621919309032,975,484,45,0,0
